{"data_time": 0.0014143912121653557, "eta_seconds": 88.85865826159716, "fast_rcnn/cls_accuracy": 0.9267578125, "fast_rcnn/false_negative": 1.0, "fast_rcnn/fg_cls_accuracy": 0.0, "iteration": 19, "loss_box_reg": 0.011855860706418753, "loss_cls": 1.7599045634269714, "loss_mask": 0.6935180425643921, "loss_rpn_cls": 0.5809449553489685, "loss_rpn_loc": 0.6314859390258789, "lr": 4.8702499999999997e-05, "mask_rcnn/accuracy": 0.48382935199016114, "mask_rcnn/false_negative": 0.667843778491437, "mask_rcnn/false_positive": 0.43121231675632643, "roi_head/num_bg_samples": 474.5, "roi_head/num_fg_samples": 37.5, "rpn/num_neg_anchors": 128.0, "rpn/num_pos_anchors": 128.0, "time": 0.18512220471166074, "total_loss": 3.829606863670051}
{"data_time": 0.0014550273772329092, "eta_seconds": 85.57751482818276, "fast_rcnn/cls_accuracy": 0.93359375, "fast_rcnn/false_negative": 1.0, "fast_rcnn/fg_cls_accuracy": 0.0, "iteration": 39, "loss_box_reg": 0.01783525664359331, "loss_cls": 0.8489243984222412, "loss_mask": 0.6909988224506378, "loss_rpn_cls": 0.5951494872570038, "loss_rpn_loc": 0.5273255705833435, "lr": 9.865250000000001e-05, "mask_rcnn/accuracy": 0.6268001881603705, "mask_rcnn/false_negative": 0.7312192937113552, "mask_rcnn/false_positive": 0.06843189117096217, "roi_head/num_bg_samples": 478.0, "roi_head/num_fg_samples": 34.0, "rpn/num_neg_anchors": 128.0, "rpn/num_pos_anchors": 128.0, "time": 0.18697931547649205, "total_loss": 2.6582385653164238}
{"data_time": 0.001523800427094102, "eta_seconds": 82.69407651387155, "fast_rcnn/cls_accuracy": 0.9296875, "fast_rcnn/false_negative": 1.0, "fast_rcnn/fg_cls_accuracy": 0.0, "iteration": 59, "loss_box_reg": 0.03235850669443607, "loss_cls": 0.39084915816783905, "loss_mask": 0.685956597328186, "loss_rpn_cls": 0.5965623557567596, "loss_rpn_loc": 0.5651263892650604, "lr": 0.0001486025, "mask_rcnn/accuracy": 0.6618781887755103, "mask_rcnn/false_negative": 0.6900849361667334, "mask_rcnn/false_positive": 0.10044786837184555, "roi_head/num_bg_samples": 476.0, "roi_head/num_fg_samples": 36.0, "rpn/num_neg_anchors": 128.0, "rpn/num_pos_anchors": 128.0, "time": 0.19528561108745635, "total_loss": 2.254985136911273}
{"data_time": 0.0015204085502773523, "eta_seconds": 79.02904415968806, "fast_rcnn/cls_accuracy": 0.9326171875, "fast_rcnn/false_negative": 1.0, "fast_rcnn/fg_cls_accuracy": 0.0, "iteration": 79, "loss_box_reg": 0.05558054521679878, "loss_cls": 0.25693776458501816, "loss_mask": 0.680183470249176, "loss_rpn_cls": 0.5514013171195984, "loss_rpn_loc": 0.5106689929962158, "lr": 0.00019855250000000001, "mask_rcnn/accuracy": 0.6548807411163223, "mask_rcnn/false_negative": 0.6210214935719922, "mask_rcnn/false_positive": 0.10018728874183958, "roi_head/num_bg_samples": 477.5, "roi_head/num_fg_samples": 34.5, "rpn/num_neg_anchors": 128.0, "rpn/num_pos_anchors": 128.0, "time": 0.18884198158048093, "total_loss": 2.0384303089231253}
{"data_time": 0.00144581263884902, "eta_seconds": 75.26575634256005, "fast_rcnn/cls_accuracy": 0.912109375, "fast_rcnn/false_negative": 1.0, "fast_rcnn/fg_cls_accuracy": 0.0, "iteration": 99, "loss_box_reg": 0.05045086145401001, "loss_cls": 0.27620837092399597, "loss_mask": 0.6717129051685333, "loss_rpn_cls": 0.5278294086456299, "loss_rpn_loc": 0.5486953258514404, "lr": 0.0002485025, "mask_rcnn/accuracy": 0.6687996713108321, "mask_rcnn/false_negative": 0.7836545279660515, "mask_rcnn/false_positive": 0.07626860057109885, "roi_head/num_bg_samples": 467.0, "roi_head/num_fg_samples": 45.0, "rpn/num_neg_anchors": 128.0, "rpn/num_pos_anchors": 128.0, "time": 0.18693417659960687, "total_loss": 2.146430885884911}
{"data_time": 0.001413992140442133, "eta_seconds": 71.22733050491661, "fast_rcnn/cls_accuracy": 0.9375, "fast_rcnn/false_negative": 1.0, "fast_rcnn/fg_cls_accuracy": 0.0, "iteration": 119, "loss_box_reg": 0.04968356341123581, "loss_cls": 0.20827585458755493, "loss_mask": 0.6730462610721588, "loss_rpn_cls": 0.48327890038490295, "loss_rpn_loc": 0.5267939269542694, "lr": 0.0002984525, "mask_rcnn/accuracy": 0.6451671634000135, "mask_rcnn/false_negative": 0.7674508983618108, "mask_rcnn/false_positive": 0.07210069444444445, "roi_head/num_bg_samples": 480.0, "roi_head/num_fg_samples": 32.0, "rpn/num_neg_anchors": 128.0, "rpn/num_pos_anchors": 128.0, "time": 0.1838314114138484, "total_loss": 1.9938774276524782}
{"data_time": 0.0014392528682947159, "eta_seconds": 67.1933323983103, "fast_rcnn/cls_accuracy": 0.923828125, "fast_rcnn/false_negative": 1.0, "fast_rcnn/fg_cls_accuracy": 0.0, "iteration": 139, "loss_box_reg": 0.06165448948740959, "loss_cls": 0.2053450420498848, "loss_mask": 0.673247367143631, "loss_rpn_cls": 0.4255475103855133, "loss_rpn_loc": 0.5329719483852386, "lr": 0.00034840250000000005, "mask_rcnn/accuracy": 0.6628272521129663, "mask_rcnn/false_negative": 0.5470201151494496, "mask_rcnn/false_positive": 0.1394657008869339, "roi_head/num_bg_samples": 473.0, "roi_head/num_fg_samples": 39.0, "rpn/num_neg_anchors": 128.0, "rpn/num_pos_anchors": 128.0, "time": 0.18281749123707414, "total_loss": 2.041170383337885}
{"data_time": 0.0013582517858594656, "eta_seconds": 63.220009030774236, "fast_rcnn/cls_accuracy": 0.921875, "fast_rcnn/false_negative": 0.9747596153846154, "fast_rcnn/fg_cls_accuracy": 0.025240384615384616, "iteration": 159, "loss_box_reg": 0.055828023701906204, "loss_cls": 0.20201701670885086, "loss_mask": 0.6530373096466064, "loss_rpn_cls": 0.4005432724952698, "loss_rpn_loc": 0.5067164152860641, "lr": 0.00039835250000000005, "mask_rcnn/accuracy": 0.6830812682215743, "mask_rcnn/false_negative": 0.6167715419800703, "mask_rcnn/false_positive": 0.10826268118286861, "roi_head/num_bg_samples": 469.5, "roi_head/num_fg_samples": 42.5, "rpn/num_neg_anchors": 128.0, "rpn/num_pos_anchors": 128.0, "time": 0.17941545136272907, "total_loss": 1.8361792042851448}
{"data_time": 0.0014106701128184795, "eta_seconds": 59.50118497014046, "fast_rcnn/cls_accuracy": 0.9375, "fast_rcnn/false_negative": 0.8857142857142857, "fast_rcnn/fg_cls_accuracy": 0.09107142857142857, "iteration": 179, "loss_box_reg": 0.03228399716317654, "loss_cls": 0.16328855603933334, "loss_mask": 0.6422268748283386, "loss_rpn_cls": 0.40214505791664124, "loss_rpn_loc": 0.47761170566082, "lr": 0.0004483025, "mask_rcnn/accuracy": 0.6954509627771374, "mask_rcnn/false_negative": 0.46298189145150315, "mask_rcnn/false_positive": 0.13160711165472655, "roi_head/num_bg_samples": 476.0, "roi_head/num_fg_samples": 36.0, "rpn/num_neg_anchors": 128.0, "rpn/num_pos_anchors": 128.0, "time": 0.18572481209412217, "total_loss": 1.7174386829137802}
{"data_time": 0.0013712572399526834, "eta_seconds": 55.743461404927075, "fast_rcnn/cls_accuracy": 0.9453125, "fast_rcnn/false_negative": 0.8376906318082789, "fast_rcnn/fg_cls_accuracy": 0.12908496732026142, "iteration": 199, "loss_box_reg": 0.050942299887537956, "loss_cls": 0.15651904791593552, "loss_mask": 0.6430456936359406, "loss_rpn_cls": 0.3276926875114441, "loss_rpn_loc": 0.44507455825805664, "lr": 0.0004982525, "mask_rcnn/accuracy": 0.663860544217687, "mask_rcnn/false_negative": 0.5841251374719023, "mask_rcnn/false_positive": 0.12276855088409606, "roi_head/num_bg_samples": 479.5, "roi_head/num_fg_samples": 32.5, "rpn/num_neg_anchors": 128.0, "rpn/num_pos_anchors": 128.0, "time": 0.1841201805509627, "total_loss": 1.642085112631321}
{"data_time": 0.0013261660933494568, "eta_seconds": 52.01126713305712, "fast_rcnn/cls_accuracy": 0.919921875, "fast_rcnn/false_negative": 0.7896747967479675, "fast_rcnn/fg_cls_accuracy": 0.18333333333333335, "iteration": 219, "loss_box_reg": 0.1323179304599762, "loss_cls": 0.2267204150557518, "loss_mask": 0.6394994258880615, "loss_rpn_cls": 0.34471267461776733, "loss_rpn_loc": 0.5235294103622437, "lr": 0.0005482025, "mask_rcnn/accuracy": 0.6745535714285714, "mask_rcnn/false_negative": 0.7051142278471951, "mask_rcnn/false_positive": 0.08671493502853209, "roi_head/num_bg_samples": 463.0, "roi_head/num_fg_samples": 49.0, "rpn/num_neg_anchors": 128.0, "rpn/num_pos_anchors": 128.0,